{
  "graph": {
    "mode": "graph",
    "dataset": "results/data/hamiltonians.json",
    "num_samples": 5,
    "final_train_mse": 0.32336387038230896,
    "final_train_mae": 216.9623031616211,
    "final_val_mse": 1.471925139427185,
    "final_val_mae": 112.3255844116211,
    "target_names": [
      "n_qubits",
      "n_pauli_terms",
      "l1_norm",
      "mean_abs_coeff",
      "max_abs_coeff",
      "n_one_body_terms",
      "n_two_body_terms",
      "n_three_body_terms",
      "n_four_body_terms",
      "charge",
      "multiplicity",
      "n_active_electrons",
      "n_active_orbitals",
      "fragment_count",
      "is_fragment"
    ],
    "train_loss_history": [
      0.7612913846969604,
      0.7350810170173645,
      0.6943841278553009,
      0.6593253016471863,
      0.6440843045711517,
      0.6454084292054176,
      0.6081751883029938,
      0.6013038754463196,
      0.5847369320690632,
      0.5347844548523426,
      0.5661755502223969,
      0.5126687288284302,
      0.5238327234983444,
      0.46476253122091293,
      0.42689046263694763,
      0.4233791083097458,
      0.4089098609983921,
      0.37930478155612946,
      0.367902509868145,
      0.32336387038230896
    ],
    "val_loss_history": [
      1.461267113685608,
      1.4476290941238403,
      1.438798189163208,
      1.4209893941879272,
      1.399213194847107,
      1.3816256523132324,
      1.369624376296997,
      1.3673782348632812,
      1.3707880973815918,
      1.371896743774414,
      1.3826377391815186,
      1.399179458618164,
      1.4130750894546509,
      1.4251294136047363,
      1.4308561086654663,
      1.4354232549667358,
      1.4485918283462524,
      1.4499160051345825,
      1.455163598060608,
      1.471925139427185
    ]
  },
  "flat": {
    "mode": "flat",
    "dataset": "results/data/hamiltonians.json",
    "num_samples": 5,
    "final_train_mse": 96.86263819038868,
    "final_train_mae": 2247.404914855957,
    "final_val_mse": 1.414485216140747,
    "final_val_mae": 307.6070251464844,
    "target_names": [
      "n_qubits",
      "n_pauli_terms",
      "l1_norm",
      "mean_abs_coeff",
      "max_abs_coeff",
      "n_one_body_terms",
      "n_two_body_terms",
      "n_three_body_terms",
      "n_four_body_terms",
      "charge",
      "multiplicity",
      "n_active_electrons",
      "n_active_orbitals",
      "fragment_count",
      "is_fragment"
    ],
    "train_loss_history": [
      2347.6157983765006,
      1076.831993997097,
      988.9151500612497,
      974.3440434038639,
      606.6200400590897,
      686.0671865642071,
      140.31394816935062,
      286.8790234923363,
      150.33054303377867,
      49.33931878209114,
      291.5920375287533,
      83.78007142990828,
      57.66066525131464,
      47.2828833758831,
      117.04648399353027,
      32.06356653571129,
      23.83324146270752,
      43.97755425423384,
      11.045240253210068,
      96.86263819038868
    ],
    "val_loss_history": [
      1.432045340538025,
      1.4297853708267212,
      1.427700400352478,
      1.4255119562149048,
      1.4231332540512085,
      1.4209033250808716,
      1.4187777042388916,
      1.41714608669281,
      1.4159115552902222,
      1.4148814678192139,
      1.4143016338348389,
      1.413996934890747,
      1.4138625860214233,
      1.413806676864624,
      1.4138381481170654,
      1.4138987064361572,
      1.414050817489624,
      1.4142277240753174,
      1.4143579006195068,
      1.414485216140747
    ]
  },
  "comparison": {
    "mode": "graph_minus_flat",
    "dataset": "results/data/hamiltonians.json",
    "num_samples": 5,
    "final_train_mse_delta": 96.53927432000637,
    "final_train_mae_delta": 2030.442611694336,
    "final_val_mse_delta": -0.05743992328643799,
    "final_val_mae_delta": 195.28144073486328,
    "interpretation": "Positive deltas mean the graph-conditioned model is lower error than the flat baseline."
  }
}