{
  "records": [
    {
      "name": "I_C_bond_region",
      "latent": [
        -0.4982580840587616,
        2.0609753131866455,
        -1.4311662912368774,
        0.506791889667511,
        -1.0417510271072388,
        0.6364347338676453,
        -1.0355764627456665,
        0.6962637901306152,
        0.9423838257789612,
        0.3101608455181122,
        -0.8229049444198608,
        1.4422892332077026,
        -0.47352278232574463,
        0.29349106550216675,
        -1.6074048280715942,
        -0.061805956065654755,
        0.8063732385635376,
        -1.0895817279815674,
        0.16949482262134552,
        0.24985380470752716,
        -1.8040943145751953,
        -1.5487878322601318,
        1.1292864084243774,
        -0.21222765743732452,
        -1.3334784507751465,
        1.380706787109375,
        0.9514215588569641,
        -0.3427259922027588,
        0.3906986713409424,
        1.2871651649475098,
        -0.1575721651315689,
        0.17348651587963104
      ],
      "prefix": [
        -0.5370782613754272,
        0.09530198574066162,
        1.8699181079864502,
        0.4479643404483795,
        -2.5224928855895996,
        0.8914735317230225,
        -0.11192504316568375,
        1.228291630744934,
        -0.6767081618309021,
        -0.761444091796875,
        1.1183042526245117,
        -0.8489384651184082,
        -0.4593769311904907,
        1.3877464532852173,
        0.040074557065963745,
        -2.021831512451172,
        -1.6691466569900513,
        0.9078840613365173,
        0.10588622093200684,
        -0.570891797542572,
        0.8343544006347656,
        0.1157992035150528,
        -0.3990977704524994,
        0.490878164768219,
        -0.4278082847595215,
        0.6460742354393005,
        -0.28660809993743896,
        0.8734449744224548,
        -1.336165189743042,
        1.0470284223556519,
        0.7939286828041077,
        -0.2648404836654663
      ],
      "metadata": {
        "name": "I_C_bond_region",
        "split": "unspecified",
        "charge": -1,
        "multiplicity": 1,
        "active_space": {
          "mode": "explicit",
          "n_active_electrons": 2,
          "n_active_orbitals": 2,
          "n_core_orbitals": null,
          "occupied_indices": [],
          "active_indices": []
        },
        "fragment_count": null,
        "parent_name": null,
        "parent_active_space": null,
        "n_qubits": 4,
        "n_pauli_terms": 15,
        "l1_norm": 6889.1787109375,
        "mean_abs_coeff": 459.2785949707031,
        "std_abs_coeff": 1718.0047607421875,
        "max_abs_coeff": 6887.4638671875,
        "identity_coeff": -6887.463974456263,
        "n_one_body_terms": 4.0,
        "n_two_body_terms": 6.0,
        "n_three_body_terms": 0.0,
        "n_four_body_terms": 4.0
      }
    },
    {
      "name": "phenyl_ring",
      "latent": [
        -0.4809056520462036,
        1.9908311367034912,
        -1.353432059288025,
        0.4434953033924103,
        -1.0479776859283447,
        0.6782242059707642,
        -1.0741583108901978,
        0.6917669177055359,
        1.0630404949188232,
        0.3702269494533539,
        -0.8793790340423584,
        1.4530160427093506,
        -0.456914484500885,
        0.2608361542224884,
        -1.6104024648666382,
        -0.022458460181951523,
        0.7796642780303955,
        -1.0716595649719238,
        0.14995107054710388,
        0.32130900025367737,
        -1.8900253772735596,
        -1.5546250343322754,
        1.1659592390060425,
        -0.208782359957695,
        -1.2490042448043823,
        1.2722290754318237,
        0.9614086747169495,
        -0.41471460461616516,
        0.3492591381072998,
        1.3432111740112305,
        -0.17786666750907898,
        0.1654953807592392
      ],
      "prefix": [
        -0.514421820640564,
        0.09355192631483078,
        1.8805856704711914,
        0.44919654726982117,
        -2.508387327194214,
        0.89628005027771,
        -0.10259818285703659,
        1.2315489053726196,
        -0.6235719323158264,
        -0.7944364547729492,
        1.1495453119277954,
        -0.8363450765609741,
        -0.465304434299469,
        1.3924616575241089,
        0.040516678243875504,
        -2.027191400527954,
        -1.6977884769439697,
        0.9413870573043823,
        0.1420208215713501,
        -0.5584007501602173,
        0.7941316366195679,
        0.14016784727573395,
        -0.4124399721622467,
        0.45757776498794556,
        -0.4246678948402405,
        0.6624818444252014,
        -0.284565806388855,
        0.8216660618782043,
        -1.3237664699554443,
        1.0023915767669678,
        0.8199108242988586,
        -0.3415364623069763
      ],
      "metadata": {
        "name": "phenyl_ring",
        "split": "unspecified",
        "charge": 1,
        "multiplicity": 1,
        "active_space": {
          "mode": "explicit",
          "n_active_electrons": 2,
          "n_active_orbitals": 2,
          "n_core_orbitals": null,
          "occupied_indices": [],
          "active_indices": []
        },
        "fragment_count": null,
        "parent_name": null,
        "parent_active_space": null,
        "n_qubits": 4,
        "n_pauli_terms": 15,
        "l1_norm": 190.3070526123047,
        "mean_abs_coeff": 12.68713665008545,
        "std_abs_coeff": 47.153724670410156,
        "max_abs_coeff": 189.12008666992188,
        "identity_coeff": -189.1200918938343,
        "n_one_body_terms": 4.0,
        "n_two_body_terms": 6.0,
        "n_three_body_terms": 0.0,
        "n_four_body_terms": 4.0
      }
    }
  ]
}