{
  "mode": "ddp_chemistry_conditioned_graph_regression",
  "dataset": "results/data/hamiltonians.json",
  "num_samples": 5,
  "world_size": 3,
  "train_indices": [
    3,
    1,
    2,
    4
  ],
  "val_indices": [
    0
  ],
  "target_names": [
    "n_qubits",
    "n_pauli_terms",
    "l1_norm",
    "mean_abs_coeff",
    "max_abs_coeff",
    "n_one_body_terms",
    "n_two_body_terms",
    "n_three_body_terms",
    "n_four_body_terms",
    "charge",
    "multiplicity",
    "n_active_electrons",
    "n_active_orbitals",
    "fragment_count",
    "is_fragment"
  ],
  "train_loss_history": [
    0.7355778217315674,
    0.7449122269948324,
    0.6124007701873779,
    0.6656538645426432,
    0.39336148897806805,
    0.5210310618082682,
    0.3625953197479248,
    0.46593348185221356,
    0.4052564303080241,
    0.40920329093933105,
    0.343400239944458,
    0.2899649540583293,
    0.28994407256444293,
    0.19872458775838217,
    0.10451843341191609,
    0.11478700240453084,
    0.08303841451803844,
    0.07549351453781128,
    0.07451353967189789,
    0.046336730321248375,
    0.052430873115857445,
    0.05785122017065684,
    0.04248731335004171,
    0.04557215174039205,
    0.0420240064462026,
    0.062240024407704674,
    0.054406553506851196,
    0.02286388725042343,
    0.02473951627810796,
    0.03422285368045171,
    0.02969448020060857,
    0.03221526245276133,
    0.07509655753771464,
    0.036711166302363075,
    0.03324045737584432,
    0.027952248851458233,
    0.024366637070973713,
    0.022405746082464855,
    0.034194069604078926,
    0.04302302996317545,
    0.01950547347466151,
    0.02559340496857961,
    0.01873333255449931,
    0.02059649924437205,
    0.02203066150347392,
    0.024788719912370045,
    0.02438508967558543,
    0.020210562894741695,
    0.027626154323418934,
    0.016559033344189327,
    0.01567009836435318,
    0.013698744277159372,
    0.019807877639929455,
    0.02160871277252833,
    0.05198072890440623,
    0.018725049992402393,
    0.01990121603012085,
    0.025251132746537525,
    0.0309516042470932,
    0.013898797333240509,
    0.01360358422001203,
    0.02382008731365204,
    0.016724776476621628,
    0.014472400148709616,
    0.02627728631099065,
    0.020396525661150616,
    0.013194296509027481,
    0.012506072719891867,
    0.007050770024458568,
    0.014097586274147034,
    0.012039056668678919,
    0.014762899527947107,
    0.009978849440813065,
    0.017573500672976177,
    0.01993684967358907,
    0.01606033369898796,
    0.01289127767086029,
    0.016901418566703796,
    0.023977965116500854,
    0.01958562930425008,
    0.01378653198480606,
    0.013224528481562933,
    0.01202470064163208,
    0.017553130785624187,
    0.015010089923938116,
    0.010693191240231196,
    0.047379384438196816,
    0.030095212161540985,
    0.010746310154596964,
    0.01909518986940384,
    0.016639992594718933,
    0.015554671486218771,
    0.018229907999436062,
    0.01440840462843577,
    0.0160102645556132,
    0.010272910197575888,
    0.009191114455461502,
    0.0066666317482789355,
    0.013659069935480753,
    0.015634780128796894
  ],
  "train_mae_history": [
    369.7706705729167,
    417.7574462890625,
    329.37074788411456,
    378.720458984375,
    273.18646240234375,
    350.0224609375,
    231.934326171875,
    277.4776204427083,
    294.3446451822917,
    258.5807291666667,
    242.7803955078125,
    206.292724609375,
    206.38741048177084,
    151.6838582356771,
    134.7282511393229,
    116.48121134440105,
    104.0844217936198,
    101.00852457682292,
    104.12830607096355,
    74.32196044921875,
    78.14570617675781,
    60.548136393229164,
    61.69347127278646,
    77.15811157226562,
    75.73385620117188,
    86.38548787434895,
    99.60934448242188,
    66.85643513997395,
    66.57054646809895,
    62.43443806966146,
    42.03460184733073,
    77.01556396484375,
    77.79483032226562,
    80.28963216145833,
    69.03079223632812,
    69.71908060709636,
    53.92578125,
    61.365214029947914,
    61.90943400065104,
    57.973714192708336,
    46.99735005696615,
    64.6044209798177,
    53.19682312011719,
    49.91941833496094,
    43.03540547688802,
    74.12082417805989,
    53.645222981770836,
    51.614786783854164,
    67.66174825032552,
    59.84557088216146,
    43.333648681640625,
    32.28180694580078,
    58.47186279296875,
    69.7683614095052,
    80.25974527994792,
    41.57095082600912,
    50.57090759277344,
    47.937255859375,
    68.13754272460938,
    35.14293924967448,
    46.23929341634115,
    62.70091756184896,
    41.46458435058594,
    54.56599426269531,
    48.67394510904948,
    42.42000071207682,
    43.46575419108073,
    32.89167277018229,
    41.534261067708336,
    29.64722188313802,
    39.267333984375,
    42.579610188802086,
    42.53233337402344,
    43.95219421386719,
    59.95528666178385,
    44.65701802571615,
    40.72755432128906,
    53.973419189453125,
    54.578999837239586,
    57.910614013671875,
    41.885416666666664,
    55.53328959147135,
    38.58167521158854,
    53.52570088704427,
    39.10487620035807,
    37.60581970214844,
    72.0326436360677,
    71.54164632161458,
    44.647623697916664,
    49.41564432779948,
    40.8820546468099,
    45.430643717447914,
    43.89612325032552,
    40.69994099934896,
    47.054229736328125,
    33.43756612141927,
    34.528035481770836,
    31.42786153157552,
    46.798187255859375,
    51.17637634277344
  ],
  "val_loss_history": [
    1.3935089111328125,
    1.3371682167053223,
    1.3230067491531372,
    1.340499997138977,
    1.3649488687515259,
    1.374704122543335,
    1.3626763820648193,
    1.3520114421844482,
    1.3316686153411865,
    1.3297306299209595,
    1.3280342817306519,
    1.3373199701309204,
    1.313525676727295,
    1.2922292947769165,
    1.2713829278945923,
    1.258455753326416,
    1.2561299800872803,
    1.267768383026123,
    1.2787038087844849,
    1.293360948562622,
    1.2947696447372437,
    1.310425877571106,
    1.3416582345962524,
    1.3445943593978882,
    1.3446134328842163,
    1.3378167152404785,
    1.341969609260559,
    1.3624522686004639,
    1.391708493232727,
    1.428429365158081,
    1.4538607597351074,
    1.4837852716445923,
    1.5165752172470093,
    1.5472509860992432,
    1.5646750926971436,
    1.5877678394317627,
    1.6110529899597168,
    1.6094344854354858,
    1.5853278636932373,
    1.556986927986145,
    1.532103180885315,
    1.5180037021636963,
    1.508903980255127,
    1.5216001272201538,
    1.539788842201233,
    1.5569524765014648,
    1.5797663927078247,
    1.6002891063690186,
    1.6108754873275757,
    1.6034810543060303,
    1.5846329927444458,
    1.5501222610473633,
    1.5123637914657593,
    1.4815658330917358,
    1.4603776931762695,
    1.4487234354019165,
    1.450034260749817,
    1.4554007053375244,
    1.4602742195129395,
    1.476868987083435,
    1.4962421655654907,
    1.5123416185379028,
    1.52932870388031,
    1.5496712923049927,
    1.5600810050964355,
    1.5593445301055908,
    1.5454057455062866,
    1.5314544439315796,
    1.517282485961914,
    1.4987584352493286,
    1.479236125946045,
    1.4627805948257446,
    1.450142741203308,
    1.4380102157592773,
    1.431894302368164,
    1.4277772903442383,
    1.4316661357879639,
    1.4423199892044067,
    1.4538859128952026,
    1.4657248258590698,
    1.4704269170761108,
    1.4715678691864014,
    1.4736082553863525,
    1.480751633644104,
    1.4891250133514404,
    1.4919652938842773,
    1.492422103881836,
    1.495254635810852,
    1.4930193424224854,
    1.4907093048095703,
    1.484816312789917,
    1.4715890884399414,
    1.4536805152893066,
    1.4410467147827148,
    1.4305757284164429,
    1.419111967086792,
    1.4088501930236816,
    1.4071111679077148,
    1.4111552238464355,
    1.4210975170135498
  ],