{
  "h2": {
    "latent": [
      -0.002700640121474862,
      -0.05376073345541954,
      -0.01953701488673687,
      -0.0930657684803009,
      -0.04608258977532387,
      -0.03440036624670029,
      0.013338028453290462,
      0.001267789863049984,
      -0.06411650031805038,
      -0.06095702946186066,
      -0.016633858904242516,
      -0.09443822503089905,
      0.08869491517543793,
      0.1094951182603836,
      0.006228751037269831,
      -0.05074741691350937,
      0.019125523045659065,
      0.03552057221531868,
      0.04952157661318779,
      -0.060440097004175186,
      -0.07321631908416748,
      0.015406817197799683,
      0.007189574185758829,
      -0.022486139088869095,
      -0.028195181861519814,
      -0.059208258986473083,
      0.11811290681362152,
      -0.025315137580037117,
      0.04182061180472374,
      0.10051083564758301,
      -0.003801696002483368,
      0.01207635086029768
    ]
  },
  "lih": {
    "latent": [
      -0.0593733936548233,
      0.012942524626851082,
      -0.13935692608356476,
      -0.1661243587732315,
      -0.08300402760505676,
      -0.027605755254626274,
      0.11322160065174103,
      0.07000914216041565,
      -0.12438959628343582,
      -0.03613406419754028,
      0.14436230063438416,
      -0.022540761157870293,
      -0.03577785938978195,
      0.19338761270046234,
      -0.03270823135972023,
      -0.0967264324426651,
      -0.02904830500483513,
      -0.0006424610619433224,
      0.2158316969871521,
      -0.05577213689684868,
      -0.028049616143107414,
      0.0741649940609932,
      -0.12744304537773132,
      0.0901242047548294,
      0.09762798249721527,
      -0.019390424713492393,
      0.08530225604772568,
      0.011475411243736744,
      0.057676754891872406,
      0.04551801085472107,
      -0.1087937206029892,
      -0.042523108422756195
    ]
  },
  "beh2": {
    "latent": [
      -0.010165157727897167,
      0.10712821036577225,
      -0.16846497356891632,
      -0.16848880052566528,
      -0.10324397683143616,
      -0.08594831824302673,
      0.05508190020918846,
      0.06422454863786697,
      -0.1608409732580185,
      0.03020785190165043,
      0.06283316761255264,
      -0.0923013836145401,
      -0.12745416164398193,
      0.1379077434539795,
      0.003497566794976592,
      -0.06686125695705414,
      -0.1321011185646057,
      0.01866494119167328,
      0.14850804209709167,
      -0.10411907732486725,
      -0.0009208830306306481,
      0.2970200479030609,
      -0.13976320624351501,
      0.125998392701149,
      0.29493677616119385,
      0.02324611134827137,
      0.09719864279031754,
      0.09396225959062576,
      0.0893758237361908,
      0.04877980798482895,
      -0.1469794362783432,
      -0.06873238831758499
    ]
  },
  "n2": {
    "latent": [
      1.5124331712722778,
      2.0243687629699707,
      -0.0,
      -0.0010010360274463892,
      -0.007978152483701706,
      -0.01862327568233013,
      -0.05055757611989975,
      0.6769229769706726,
      -0.08428079634904861,
      1.2095431089401245,
      -0.09034056216478348,
      -0.1416657269001007,
      -0.0039787739515304565,
      0.00972516369074583,
      1.6026017665863037,
      0.6904876232147217,
      -1.6376858980038378e-07,
      0.2786470353603363,
      -0.14966844022274017,
      -0.06682797521352768,
      0.10139918327331543,
      3.8277740478515625,
      -0.006677057594060898,
      2.0192573070526123,
      3.1873700618743896,
      1.6369645595550537,
      -0.0826454609632492,
      2.691953420639038,
      0.11184857785701752,
      -0.16677235066890717,
      -0.010474203154444695,
      -0.13954690098762512
    ]
  },
  "iodobenzene": {
    "latent": [
      288.7144470214844,
      154.98081970214844,
      -0.0,
      -0.0,
      -0.0,
      -0.0,
      -0.0,
      36.647804260253906,
      -0.0,
      145.68406677246094,
      -0.0,
      -0.0,
      -0.0,
      33.85901641845703,
      272.02008056640625,
      310.3144226074219,
      -0.0,
      169.82260131835938,
      -0.0,
      -0.0,
      127.44770050048828,
      550.5142211914062,
      -0.0,
      38.84788131713867,
      332.6337890625,
      95.27198028564453,
      39.25395584106445,
      335.40411376953125,
      -0.0,
      -0.0,
      -0.0,
      -0.0
    ]
  }
}