{
  "mode": "chemistry_conditioned_flat_regression",
  "dataset": "results/data/hamiltonians.json",
  "num_samples": 5,
  "train_indices": [
    3,
    1,
    2,
    4
  ],
  "val_indices": [
    0
  ],
  "target_names": [
    "n_qubits",
    "n_pauli_terms",
    "l1_norm",
    "mean_abs_coeff",
    "max_abs_coeff",
    "n_one_body_terms",
    "n_two_body_terms",
    "n_three_body_terms",
    "n_four_body_terms",
    "charge",
    "multiplicity",
    "n_active_electrons",
    "n_active_orbitals",
    "fragment_count",
    "is_fragment"
  ],
  "train_loss_history": [
    2347.6157983765006,
    1076.831993997097,
    988.9151500612497,
    974.3440434038639,
    606.6200400590897,
    686.0671865642071,
    140.31394816935062,
    286.8790234923363,
    150.33054303377867,
    49.33931878209114,
    291.5920375287533,
    83.78007142990828,
    57.66066525131464,
    47.2828833758831,
    117.04648399353027,
    32.06356653571129,
    23.83324146270752,
    43.97755425423384,
    11.045240253210068,
    96.86263819038868
  ],
  "train_mae_history": [
    10256.254981994629,
    6053.896903991699,
    6511.873748779297,
    5494.883605957031,
    4477.929107666016,
    5927.382675170898,
    3421.6974334716797,
    2722.875175476074,
    3294.29988861084,
    1799.054916381836,
    3422.702865600586,
    1729.6152801513672,
    2031.6600189208984,
    2025.7276611328125,
    3284.0860900878906,
    1049.1922149658203,
    1488.7781829833984,
    1788.4118194580078,
    989.3342132568359,
    2247.404914855957
  ],
  "val_loss_history": [
    1.432045340538025,
    1.4297853708267212,
    1.427700400352478,
    1.4255119562149048,
    1.4231332540512085,
    1.4209033250808716,
    1.4187777042388916,
    1.41714608669281,
    1.4159115552902222,
    1.4148814678192139,
    1.4143016338348389,
    1.413996934890747,
    1.4138625860214233,
    1.413806676864624,
    1.4138381481170654,
    1.4138987064361572,
    1.414050817489624,
    1.4142277240753174,
    1.4143579006195068,
    1.414485216140747
  ],
  "val_mae_history": [
    308.6641845703125,
    308.58172607421875,
    308.67755126953125,
    308.7466125488281,
    308.8013916015625,
    308.7525634765625,
    308.6130065917969,
    308.47283935546875,
    308.24749755859375,
    307.9660949707031,
    307.8219909667969,
    307.7731628417969,
    307.7225646972656,
    307.69696044921875,
    307.7016906738281,
    307.6932067871094,
    307.70111083984375,
    307.6898193359375,
    307.64105224609375,
    307.6070251464844
  ],
  "final_train_mse": 96.86263819038868,
  "final_train_mae": 2247.404914855957,
  "final_val_mse": 1.414485216140747,
  "final_val_mae": 307.6070251464844,
  "model_path": "results/train/flat_conditioning.pt",
  "embeddings_path": "results/train/flat_conditioning_embeddings.json",
  "target_mean": [
    13.5,
    1088.25,
    1827.884033203125,
    16.89118194580078,
    1788.9473876953125,
    13.5,
    97.75,
    4.0,
    165.0,
    0.0,
    1.0,
    1.0,
    1.0,
    0.0,
    0.0
  ],
  "target_std": [
    4.330127239227295,
    1098.17919921875,
    3033.1533203125,
    29.178964614868164,
    3053.036376953125,
    4.330127239227295,
    57.889442443847656,
    2.8284270763397217,
    79.81854248046875,
    9.999999974752427e-07,
    9.999999974752427e-07,
    1.7320507764816284,
    1.7320507764816284,
    9.999999974752427e-07,
    9.999999974752427e-07
  ]
}