{
  "mode": "chemistry_conditioned_graph_regression",
  "dataset": "results/data/hamiltonians.json",
  "num_samples": 5,
  "train_indices": [
    3,
    1,
    2,
    4
  ],
  "val_indices": [
    0
  ],
  "target_names": [
    "n_qubits",
    "n_pauli_terms",
    "l1_norm",
    "mean_abs_coeff",
    "max_abs_coeff",
    "n_one_body_terms",
    "n_two_body_terms",
    "n_three_body_terms",
    "n_four_body_terms",
    "charge",
    "multiplicity",
    "n_active_electrons",
    "n_active_orbitals",
    "fragment_count",
    "is_fragment"
  ],
  "train_loss_history": [
    0.7612913846969604,
    0.7350810170173645,
    0.6943841278553009,
    0.6593253016471863,
    0.6440843045711517,
    0.6454084292054176,
    0.6081751883029938,
    0.6013038754463196,
    0.5847369320690632,
    0.5347844548523426,
    0.5661755502223969,
    0.5126687288284302,
    0.5238327234983444,
    0.46476253122091293,
    0.42689046263694763,
    0.4233791083097458,
    0.4089098609983921,
    0.37930478155612946,
    0.367902509868145,
    0.32336387038230896
  ],
  "train_mae_history": [
    417.7388458251953,
    380.9388885498047,
    338.63366317749023,
    334.37225341796875,
    315.6712188720703,
    322.3750228881836,
    304.8886260986328,
    305.6796417236328,
    301.66477966308594,
    264.6868133544922,
    278.1220397949219,
    272.54056549072266,
    267.0121612548828,
    257.5704460144043,
    233.6479721069336,
    238.1770248413086,
    237.13991928100586,
    197.10285186767578,
    218.14622497558594,
    216.9623031616211
  ],
  "val_loss_history": [
    1.461267113685608,
    1.4476290941238403,
    1.438798189163208,
    1.4209893941879272,
    1.399213194847107,
    1.3816256523132324,
    1.369624376296997,
    1.3673782348632812,
    1.3707880973815918,
    1.371896743774414,
    1.3826377391815186,
    1.399179458618164,
    1.4130750894546509,
    1.4251294136047363,
    1.4308561086654663,
    1.4354232549667358,
    1.4485918283462524,
    1.4499160051345825,
    1.455163598060608,
    1.471925139427185
  ],
  "val_mae_history": [
    296.5849914550781,
    274.5416259765625,
    255.6890106201172,
    241.83242797851562,
    227.70492553710938,
    213.7976837158203,
    201.10516357421875,
    189.31036376953125,
    178.58071899414062,
    167.66744995117188,
    158.65704345703125,
    145.62396240234375,
    137.2257843017578,
    133.60467529296875,
    134.2028350830078,
    130.81613159179688,
    126.01284790039062,
    122.31404876708984,
    117.45250701904297,
    112.3255844116211
  ],
  "final_train_mse": 0.32336387038230896,
  "final_train_mae": 216.9623031616211,
  "final_val_mse": 1.471925139427185,
  "final_val_mae": 112.3255844116211,
  "model_path": "results/train/graph_conditioning.pt",
  "embeddings_path": "results/train/graph_conditioning_embeddings.json",
  "target_mean": [
    13.5,
    1088.25,
    1827.884033203125,
    16.89118194580078,
    1788.9473876953125,
    13.5,
    97.75,
    4.0,
    165.0,
    0.0,
    1.0,
    1.0,
    1.0,
    0.0,
    0.0
  ],
  "target_std": [
    4.330127239227295,
    1098.17919921875,
    3033.1533203125,
    29.178964614868164,
    3053.036376953125,
    4.330127239227295,
    57.889442443847656,
    2.8284270763397217,
    79.81854248046875,
    9.999999974752427e-07,
    9.999999974752427e-07,
    1.7320507764816284,
    1.7320507764816284,
    9.999999974752427e-07,
    9.999999974752427e-07
  ]
}