{
  "records": [
    {
      "name": "h2",
      "latent": [
        0.5502503514289856,
        -2.6022355556488037,
        0.1559033989906311,
        -0.6158318519592285,
        -1.163991928100586,
        0.18520507216453552,
        -0.1550595909357071,
        -1.873156189918518,
        1.7559231519699097,
        0.8185746073722839,
        0.6457894444465637,
        0.17293250560760498,
        -1.1555179357528687,
        -0.31141600012779236,
        -0.42729705572128296,
        -0.6668448448181152,
        0.9412421584129333,
        1.1197959184646606,
        -0.2857762575149536,
        0.4557279050350189,
        -0.20751173794269562,
        1.1326061487197876,
        0.4702909290790558,
        0.264091819524765,
        1.7090537548065186,
        -2.178598642349243,
        1.0848188400268555,
        -0.8060976266860962,
        0.5717681050300598,
        -0.2420727163553238,
        0.29728201031684875,
        0.2363109290599823
      ],
      "prefix": [
        0.19054952263832092,
        -0.7011882066726685,
        0.9086193442344666,
        1.1002823114395142,
        -0.763279378414154,
        0.5306023955345154,
        -0.4412163496017456,
        1.6446034908294678,
        0.9377887845039368,
        1.3359580039978027,
        0.2807730734348297,
        -0.019313400611281395,
        -1.559975266456604,
        -1.4677292108535767,
        1.3737120628356934,
        0.16001960635185242,
        -0.2637002170085907,
        0.18959395587444305,
        0.45947396755218506,
        -1.9591975212097168,
        0.415069580078125,
        -0.7925029397010803,
        -0.41264012455940247,
        0.5268590450286865,
        -0.4416996240615845,
        1.5724937915802002,
        -0.30975157022476196,
        -0.620510995388031,
        -0.49182212352752686,
        -1.771610975265503,
        1.6805845499038696,
        -1.290845513343811
      ],
      "metadata": {
        "name": "h2",
        "split": "train",
        "charge": 0,
        "multiplicity": 1,
        "active_space": {
          "mode": "full",
          "n_active_electrons": null,
          "n_active_orbitals": null,
          "n_core_orbitals": null,
          "occupied_indices": [],
          "active_indices": []
        },
        "fragment_count": null,
        "parent_name": null,
        "parent_active_space": null,
        "n_qubits": 4,
        "n_pauli_terms": 15,
        "l1_norm": 1.9841736555099487,
        "mean_abs_coeff": 0.13227824866771698,
        "std_abs_coeff": 0.06154513359069824,
        "max_abs_coeff": 0.2234315425157547,
        "identity_coeff": -0.09706626816763153,
        "n_one_body_terms": 4.0,
        "n_two_body_terms": 6.0,
        "n_three_body_terms": 0.0,
        "n_four_body_terms": 4.0
      }
    },
    {
      "name": "lih",
      "latent": [
        0.2582431435585022,
        -1.807963490486145,
        -0.4885215759277344,
        -0.4239920675754547,
        -0.8801160454750061,
        -0.8108322620391846,
        0.4443821310997009,
        -1.5784764289855957,
        1.9071176052093506,
        0.14134721457958221,
        0.12147882580757141,
        0.295952171087265,
        -1.6209853887557983,
        0.4636355936527252,
        -0.5049741864204407,
        -1.6023808717727661,
        1.8710564374923706,
        1.1507453918457031,
        -0.7464020252227783,
        -0.24619582295417786,
        0.613936185836792,
        1.2689197063446045,
        0.2987658977508545,
        0.5502111911773682,
        0.7081527709960938,
        -1.542541742324829,
        1.6663764715194702,
        -0.4853048622608185,
        0.05765405669808388,
        -0.5817759037017822,
        0.5139756798744202,
        0.8743364810943604
      ],
      "prefix": [
        0.1208040714263916,
        -0.8275867104530334,
        0.5094965696334839,
        1.195286512374878,
        -0.6145771145820618,
        -0.5644720196723938,
        -0.23447799682617188,
        1.8183234930038452,
        1.5627145767211914,
        0.862837016582489,
        -0.6024044752120972,
        -0.8546697497367859,
        -1.6151726245880127,
        -1.7680091857910156,
        1.070772647857666,
        0.8038758039474487,
        -1.0141602754592896,
        -0.2369600534439087,
        0.4268042743206024,
        -1.8622597455978394,
        1.0308657884597778,
        -0.43938982486724854,
        0.13440747559070587,
        -0.1280868649482727,
        -0.17630986869335175,
        1.5723216533660889,
        0.3263784945011139,
        -0.5033096671104431,
        -1.063447117805481,
        -0.17935897409915924,
        1.8301546573638916,
        -0.5803911089897156
      ],
      "metadata": {
        "name": "lih",
        "split": "train",
        "charge": 0,
        "multiplicity": 1,
        "active_space": {
          "mode": "full",
          "n_active_electrons": null,
          "n_active_orbitals": null,
          "n_core_orbitals": null,
          "occupied_indices": [],
          "active_indices": []
        },
        "fragment_count": null,
        "parent_name": null,
        "parent_active_space": null,
        "n_qubits": 12,
        "n_pauli_terms": 631,
        "l1_norm": 16.477231979370117,
        "mean_abs_coeff": 0.026112888008356094,
        "std_abs_coeff": 0.17773036658763885,
        "max_abs_coeff": 4.135867118835449,
        "identity_coeff": -4.1358671794659365,
        "n_one_body_terms": 12.0,
        "n_two_body_terms": 74.0,
        "n_three_body_terms": 8.0,
        "n_four_body_terms": 180.0
      }
    },
    {
      "name": "beh2",
      "latent": [
        0.17073069512844086,
        -1.6887235641479492,
        0.6488387584686279,
        -0.8231295347213745,
        -0.6378341913223267,
        -0.7220011353492737,
        -0.35911667346954346,
        -1.4694361686706543,
        2.1756837368011475,
        1.3129358291625977,
        -0.07748886942863464,
        0.34224238991737366,
        -1.9638909101486206,
        -0.42192956805229187,
        0.36945080757141113,
        -1.2277010679244995,
        1.4007340669631958,
        0.49741291999816895,
        -0.7929113507270813,
        0.4091868996620178,
        1.5998241901397705,
        0.7079150080680847,
        0.9073125720024109,
        0.21465958654880524,
        0.28233009576797485,
        -1.2335737943649292,
        0.9751081466674805,
        -1.4330216646194458,
        -0.38406604528427124,
        -0.24357353150844574,
        0.9948963522911072,
        0.39044925570487976
      ],
      "prefix": [
        -0.43518730998039246,
        -1.609789252281189,
        1.5557053089141846,
        1.2863229513168335,
        -1.2643356323242188,
        0.20244203507900238,
        0.7407428622245789,
        1.9527376890182495,
        0.9011930823326111,
        1.0684303045272827,
        -0.950509786605835,
        -0.1330966055393219,
        -1.0917365550994873,
        -1.2387843132019043,
        1.2325620651245117,
        -1.041976809501648,
        -0.738646924495697,
        0.6410357356071472,
        0.3599809408187866,
        -1.1139270067214966,
        0.195561483502388,
        0.4988318383693695,
        -0.06825461983680725,
        -0.1509261429309845,
        0.319631427526474,
        1.2566179037094116,
        1.1620413064956665,
        -1.70883047580719,
        -0.836462140083313,
        -0.9031065106391907,
        0.5954169631004333,
        -0.6836838126182556
      ],
      "metadata": {
        "name": "beh2",
        "split": "val",
        "charge": 0,
        "multiplicity": 1,
        "active_space": {
          "mode": "full",
          "n_active_electrons": null,
          "n_active_orbitals": null,
          "n_core_orbitals": null,
          "occupied_indices": [],
          "active_indices": []
        },
        "fragment_count": null,
        "parent_name": null,
        "parent_active_space": null,
        "n_qubits": 14,