{
  "config": {
    "dataset": "results/train/gqe_supervised_dataset.pt",
    "out": "results/train/h_cgqe_model_b200_sft_smoke2.pt",
    "epochs": 20,
    "batch_size": 1024,
    "lr": 0.0005,
    "seed": 42,
    "d_model": 256,
    "nhead": 8,
    "enc_layers": 4,
    "dec_layers": 4,
    "dim_ff": 1024,
    "dropout": 0.1,
    "train_split": 0.8,
    "use_cuda": true,
    "multi_gpu": false,
    "use_fp16": false,
    "use_bf16": true,
    "compile": false,
    "num_workers": 0,
    "val_every": 2,
    "grad_accum": 1,
    "commutator_weight": 0.1,
    "commutator_ramp_epochs": 100,
    "label_smoothing": 0.1,
    "patience": 60,
    "min_delta": 0.0001
  },
  "model_params": 7791581,
  "vocab_size": 317,
  "best_val_loss": 2.5646615028381348,
  "final_train_loss": 2.8411126136779785,
  "final_val_loss": 2.5646615028381348,
  "final_val_acc": 0.5774891774891775,
  "train_losses": [
    8.930374145507812,
    8.992389678955078,
    9.435287475585938,
    9.203619003295898,
    8.311272621154785,
    7.202718734741211,
    6.164449214935303,
    5.343812942504883,
    4.878482818603516,
    4.459749698638916,
    4.105576992034912,
    3.7695069313049316,
    3.537325143814087,
    3.336637496948242,
    3.1726555824279785,
    3.051152467727661,
    2.9666683673858643,
    2.903318166732788,
    2.8599112033843994,
    2.8411126136779785
  ],
  "train_ce_losses": [
    8.930374145507812,
    8.991659164428711,
    9.433825492858887,
    9.20142650604248,
    8.308349609375,
    7.1990647315979,
    6.160064697265625,
    5.33869743347168,
    4.872636795043945,
    4.45317268371582,
    4.098269462585449,
    3.7614684104919434,
    3.5285558700561523,
    3.3271374702453613,
    3.1624248027801514,
    3.0401909351348877,
    2.9549760818481445,
    2.890895128250122,
    2.846757411956787,
    2.82722806930542
  ],
  "train_comm_losses": [
    0.0,
    0.7307655215263367,
    0.7307655215263367,
    0.7307655215263367,
    0.7307655215263367,
    0.7307655215263367,
    0.7307655215263367,
    0.7307655215263367,
    0.7307655215263367,
    0.7307655215263367,
    0.7307655215263367,
    0.7307655215263367,
    0.7307655215263367,
    0.7307655215263367,
    0.7307655215263367,
    0.7307655215263367,
    0.7307655215263367,
    0.7307655215263367,
    0.7307655215263367,
    0.7307655215263367
  ],
  "val_losses": [
    Infinity,
    9.161675453186035,
    9.161675453186035,
    7.642899036407471,
    7.642899036407471,
    5.584789276123047,
    5.584789276123047,
    4.501567363739014,
    4.501567363739014,
    3.762784719467163,
    3.762784719467163,
    3.196876049041748,
    3.196876049041748,
    2.8640389442443848,
    2.8640389442443848,
    2.6724300384521484,
    2.6724300384521484,
    2.584301710128784,
    2.584301710128784,
    2.5646615028381348
  ],
  "val_accs": [
    0.0,
    0.047619047619047616,
    0.047619047619047616,
    0.0380952380952381,
    0.0380952380952381,
    0.11428571428571428,
    0.11428571428571428,
    0.16883116883116883,
    0.16883116883116883,
    0.31255411255411253,
    0.31255411255411253,
    0.40865800865800866,
    0.40865800865800866,
    0.49696969696969695,
    0.49696969696969695,
    0.5532467532467532,
    0.5532467532467532,
    0.5774891774891775,
    0.5774891774891775,
    0.5774891774891775
  ],
  "comm_weights": [
    0.0,
    0.001,
    0.002,
    0.003,
    0.004,
    0.005000000000000001,
    0.006,
    0.007000000000000001,
    0.008,
    0.009,
    0.010000000000000002,
    0.011000000000000001,
    0.012,
    0.013000000000000001,
    0.014000000000000002,
    0.015,
    0.016,
    0.017,
    0.018,
    0.019000000000000003
  ],
  "commutator_weight": 0.1,
  "commutator_ramp_epochs": 100,
  "random_baseline_ce": 362.8108117542687,
  "early_stopped": false,
  "epochs_run": 20
}