{
  "config": {
    "dataset": "results/train/gqe_supervised_dataset.pt",
    "out": "results/train/h_cgqe_model_b200_sft_smoke.pt",
    "epochs": 20,
    "batch_size": 1024,
    "lr": 0.0005,
    "seed": 42,
    "d_model": 256,
    "nhead": 8,
    "enc_layers": 4,
    "dec_layers": 4,
    "dim_ff": 1024,
    "dropout": 0.1,
    "train_split": 0.8,
    "use_cuda": true,
    "multi_gpu": false,
    "use_fp16": false,
    "use_bf16": true,
    "compile": false,
    "num_workers": 0,
    "grad_accum": 1,
    "commutator_weight": 0.1,
    "commutator_ramp_epochs": 100,
    "label_smoothing": 0.1,
    "patience": 60,
    "min_delta": 0.0001
  },
  "model_params": 7791581,
  "vocab_size": 317,
  "best_val_loss": 2.569471597671509,
  "final_train_loss": 2.8573265075683594,
  "final_val_loss": 2.569471597671509,
  "final_val_acc": 0.5800865800865801,
  "train_losses": [
    8.930374145507812,
    8.999951362609863,
    9.444121360778809,
    9.258341789245605,
    8.315960884094238,
    7.2154011726379395,
    6.1832275390625,
    5.359932899475098,
    4.899179458618164,
    4.465646266937256,
    4.130564212799072,
    3.8212246894836426,
    3.535818338394165,
    3.349976062774658,
    3.1756362915039062,
    3.0575833320617676,
    2.9676716327667236,
    2.924710512161255,
    2.877171277999878,
    2.8573265075683594
  ],
  "train_ce_losses": [
    8.930374145507812,
    8.999220848083496,
    9.442659378051758,
    9.256149291992188,
    8.313037872314453,
    7.211747169494629,
    6.178843021392822,
    5.3548173904418945,
    4.893333435058594,
    4.45906925201416,
    4.123256683349609,
    3.8131861686706543,
    3.5270490646362305,
    3.3404760360717773,
    3.165405511856079,
    3.046621799468994,
    2.955979347229004,
    2.912287473678589,
    2.8640174865722656,
    2.843441963195801
  ],
  "train_comm_losses": [
    0.0,
    0.7307655215263367,
    0.7307655215263367,
    0.7307655215263367,
    0.7307655215263367,
    0.7307655215263367,
    0.7307655215263367,
    0.7307655215263367,
    0.7307655215263367,
    0.7307655215263367,
    0.7307655215263367,
    0.7307655215263367,
    0.7307655215263367,
    0.7307655215263367,
    0.7307655215263367,
    0.7307655215263367,
    0.7307655215263367,
    0.7307655215263367,
    0.7307655215263367,
    0.7307655215263367
  ],
  "val_losses": [
    8.708003044128418,
    9.169492721557617,
    8.624755859375,
    7.6697845458984375,
    6.534931182861328,
    5.601681232452393,
    4.851219177246094,
    4.5201873779296875,
    4.134059906005859,
    3.780426263809204,
    3.43591046333313,
    3.204331874847412,
    3.022085428237915,
    2.866791248321533,
    2.752007484436035,
    2.675375461578369,
    2.621683359146118,
    2.589168071746826,
    2.573516368865967,
    2.569471597671509
  ],
  "val_accs": [
    0.03463203463203463,
    0.047619047619047616,
    0.01038961038961039,
    0.0380952380952381,
    0.07965367965367966,
    0.11601731601731602,
    0.15497835497835497,
    0.16536796536796536,
    0.24329004329004328,
    0.3012987012987013,
    0.37142857142857144,
    0.412987012987013,
    0.4640692640692641,
    0.4987012987012987,
    0.5272727272727272,
    0.5541125541125541,
    0.5653679653679654,
    0.5748917748917749,
    0.5774891774891775,
    0.5800865800865801
  ],
  "comm_weights": [
    0.0,
    0.001,
    0.002,
    0.003,
    0.004,
    0.005000000000000001,
    0.006,
    0.007000000000000001,
    0.008,
    0.009,
    0.010000000000000002,
    0.011000000000000001,
    0.012,
    0.013000000000000001,
    0.014000000000000002,
    0.015,
    0.016,
    0.017,
    0.018,
    0.019000000000000003
  ],
  "commutator_weight": 0.1,
  "commutator_ramp_epochs": 100,
  "random_baseline_ce": 362.8108117542687,
  "early_stopped": false,
  "epochs_run": 20
}