{
  "mode": "strict_supervised_ce",
  "epochs": 5,
  "batch_size": 8,
  "learning_rate": 0.0005,
  "model": {
    "vocab_size": 64,
    "hidden_size": 64,
    "num_layers": 1,
    "dropout": 0.0
  },
  "synthetic_samples": 256,
  "batch_losses": [
    4.177650451660156,
    4.16351318359375,
    4.170745849609375,
    4.174081325531006,
    4.1786065101623535,
    4.169105052947998,
    4.168206214904785,
    4.17544412612915,
    4.164943218231201,
    4.157861709594727,
    4.185617923736572,
    4.171828746795654,
    4.177507400512695,
    4.177036762237549,
    4.172430038452148,
    4.165414810180664,
    4.162173271179199,
    4.18404483795166,
    4.185514450073242,
    4.1745381355285645,
    4.156214237213135,
    4.174869060516357,
    4.173402309417725,
    4.16925573348999,
    4.170050621032715,
    4.176627159118652,
    4.171159267425537,
    4.17334508895874,
    4.17569637298584,
    4.168388366699219,
    4.158627986907959,
    4.165918350219727,
    4.153196334838867,
    4.1435394287109375,
    4.1557207107543945,
    4.1598286628723145,
    4.164074420928955,
    4.156010627746582,
    4.157075881958008,
    4.163782596588135,
    4.155988693237305,
    4.146411418914795,
    4.174172401428223,
    4.163470268249512,
    4.167405128479004,
    4.166257381439209,
    4.163275718688965,
    4.154107570648193,
    4.1522603034973145,
    4.172815799713135,
    4.1741414070129395,
    4.165126323699951,
    4.149222373962402,
    4.165956497192383,
    4.1644792556762695,
    4.159529209136963,
    4.162446975708008,
    4.1653151512146,
    4.162393569946289,
    4.162514686584473,
    4.166780948638916,
    4.161845684051514,
    4.150885105133057,
    4.156524658203125,
    4.145588397979736,
    4.13584566116333,
    4.149150848388672,
    4.152651786804199,
    4.1558661460876465,
    4.1476874351501465,
    4.150456428527832,
    4.1562886238098145,
    4.150395393371582,
    4.138139247894287,
    4.166095733642578,
    4.1577301025390625,
    4.159811973571777,
    4.158158779144287,
    4.156164646148682,
    4.145267963409424,
    4.144457817077637,
    4.164012432098389,
    4.16495418548584,
    4.157419681549072,
    4.143498420715332,
    4.158529281616211,
    4.157022953033447,
    4.151354789733887,
    4.156040668487549,
    4.155765056610107,
    4.1548895835876465,
    4.153332710266113,
    4.159266948699951,
    4.156374931335449,
    4.144201755523682,
    4.1483941078186035,
    4.138912200927734,
    4.129304885864258,
    4.143539905548096,
    4.146361827850342,
    4.148631572723389,
    4.140446186065674,
    4.144928932189941,
    4.1498541831970215,
    4.145557403564453,
    4.130834102630615,
    4.1591644287109375,
    4.152810573577881,
    4.153212070465088,
    4.151308059692383,
    4.14990234375,
    4.137608528137207,
    4.137579917907715,
    4.156463623046875,
    4.157022476196289,
    4.150672912597656,
    4.13844108581543,
    4.15198278427124,
    4.150491714477539,
    4.144151210784912,
    4.150374412536621,
    4.1473917961120605,
    4.148218154907227,
    4.145321369171143,
    4.152712345123291,
    4.151641845703125,
    4.138309955596924,
    4.141164302825928,
    4.132736682891846,
    4.123420715332031,
    4.138482093811035,
    4.140571117401123,
    4.141992092132568,
    4.133855819702148,
    4.1400628089904785,
    4.144073963165283,
    4.141136169433594,
    4.1241302490234375,
    4.152965068817139,
    4.148399829864502,
    4.147280216217041,
    4.145264625549316,
    4.144163608551025,
    4.130726337432861,
    4.131256580352783,
    4.1497483253479,
    4.149928092956543,
    4.144552707672119,
    4.133805751800537,
    4.146043300628662,
    4.144567966461182,
    4.13758659362793,
    4.145164489746094,
    4.139815807342529,
    4.142073631286621,
    4.138107776641846,
    4.146770000457764,
    4.147364139556885,
    4.132946014404297,
    4.134507656097412
  ],
  "epoch_losses": [
    4.171556830406189,
    4.1605173498392105,
    4.152962952852249,
    4.146384909749031,
    4.140421882271767
  ],
  "final_loss": 4.140421882271767,
  "mean_batch_loss": 4.1543687850236894
}