{
  "molecule": "h2",
  "n_qubits": 4,
  "n_electrons": 2,
  "circuit_depth": 89,
  "gate_count": 146,
  "n_gates_per_type": {
    "cx": 52,
    "h": 48,
    "rz": 20,
    "sdg": 12,
    "s": 12,
    "x": 2
  },
  "operators": [
    "IZIZ",
    "IZZI",
    "XXYY",
    "XYYX",
    "IZIZ",
    "YYXX",
    "IZZI",
    "IIIZ",
    "IIIZ",
    "IZIZ",
    "YYXX",
    "IIIZ",
    "IZZI",
    "IIZI",
    "IZZI",
    "IZII",
    "IIZI",
    "IZZI",
    "XXYY",
    "YXXY"
  ],
  "thetas": [
    0.017022230414761152,
    0.025477938115145576,
    0.027855399170603753,
    -0.045773340995340514,
    0.0378957536917745,
    0.015866464096533982,
    0.012650689595576024,
    0.0777997590540994,
    0.15569675722339105,
    -0.04421479834245061,
    -0.00036569407199260904,
    0.1017166419382626,
    0.042314298152586305,
    0.1645384058653948,
    0.030815462448800107,
    -0.025254880526978836,
    0.07308826340913199,
    -0.04121073539044976,
    -0.03030570605792983,
    -0.02633495745503975
  ],
  "energy_ha": -1.1345535493160361,
  "hf_energy_ha": null,
  "fci_energy_ha": null,
  "source": "Conditional-GQE (H-cGQE Transformer + L-BFGS-B)",
  "source_checkpoint": "h_cgqe_rl_gic2026.pt",
  "qasm_file": "h2_gqe_demo.qasm",
  "qasm_ansatz_file": "h2_gqe_ansatz.qasm",
  "quaggle_import_instructions": "1. Open Quaggle Circuit Builder\n2. Import the QASM file (OpenQASM 2.0 format)\n3. The circuit includes Hartree-Fock initial state + GQE ansatz\n4. Run on simulator or export to QPU\n5. Reference energy values in metadata JSON for comparison"
}